时间,题目,答案
2024-08-27 19:41:56,你好,没有找到对应的答案
2024-08-27 19:43:24,在光滑斜面上，放有物体X和物体Y，一根轻质绳将两个物体连接在一起。如图所示，将沿着斜面向,"在θ不变的情况下对两个物块整体沿着斜面方向进行受力分析，再根据牛顿第二定律算出两个物块沿着斜面的共同加速度 F - (mX + mY)gsinθ = (mX + mY)a；
然后再用隔离法研究物块X的受力情况，根据牛顿第二定律列出方程 F - mXgsinθ = mX a；带入共同加速度 a 可以算出绳的张力 F = mX / (mX + mY) * a。"
2024-08-27 19:46:44,现在,没有找到对应的答案
2024-08-27 20:01:44,在光滑斜面上，放有物体X和物体Y，一根轻质绳将两个物体连接在一起。如图所示，将沿着斜面向上的力F作用在物体Y上。,"在θ不变的情况下对两个物块整体沿着斜面方向进行受力分析，再根据牛顿第二定律算出两个物块沿着斜面的共同加速度 F - (mX + mY)gsinθ = (mX + mY)a；
然后再用隔离法研究物块X的受力情况，根据牛顿第二定律列出方程 F - mXgsinθ = mX a；带入共同加速度 a 可以算出绳的张力 F = mX / (mX + mY) * a。"
2024-08-27 20:02:00,一木块置于光滑的水平桌面上，一根轻质绳绕过滑轮连接在木块上。一名男子用大小为10N的力向下拉动绳子,"对于左图，木块所受的合外力为10N，使木块产生加速度；
而右图的情况则不同，与木块相连的铁球自身也具有与木块加速度大小相同方向向下的加速度，由牛顿第二定律可知，其所受的重力大于绳子的拉力，则右图木块所受的合外力（等于绳的拉力）小于10N，因此右图中木块的加速度小于左图中木块的加速度。"
2024-08-27 20:02:03,一木块置于光滑的水平桌面上，一根轻质绳绕过滑轮连接在木块上。一名男子用大小为10N的力向下拉动绳子,"对于左图，木块所受的合外力为10N，使木块产生加速度；
而右图的情况则不同，与木块相连的铁球自身也具有与木块加速度大小相同方向向下的加速度，由牛顿第二定律可知，其所受的重力大于绳子的拉力，则右图木块所受的合外力（等于绳的拉力）小于10N，因此右图中木块的加速度小于左图中木块的加速度。"
2024-08-27 20:02:06,一木块置于光滑的水平桌面上，一根轻质绳绕过滑轮连接在木块上。一名男子用大小为10N的力向下拉动绳子,"对于左图，木块所受的合外力为10N，使木块产生加速度；
而右图的情况则不同，与木块相连的铁球自身也具有与木块加速度大小相同方向向下的加速度，由牛顿第二定律可知，其所受的重力大于绳子的拉力，则右图木块所受的合外力（等于绳的拉力）小于10N，因此右图中木块的加速度小于左图中木块的加速度。"
2024-08-27 20:06:47,在光滑斜面上，放有物体X和物体Y，一根轻质绳将两个物体连接在一起。如图所示，将沿着斜面向上的力F作用在物体Y上。,"正确答案是A不变。
    在θ不变的情况下对两个物块整体沿着斜面方向进行受力分析，再根据牛顿第二定律算出两个物块沿着斜面的共同加速度 F - (mX + mY)gsinθ = (mX + mY)a；
然后再用隔离法研究物块X的受力情况，根据牛顿第二定律列出方程 F - mXgsinθ = mX a；带入共同加速度 a 可以算出绳的张力 F = mX / (mX + mY) * a。"
2024-08-27 20:57:10,在光滑斜面上，放有物体X和物体Y，一根轻质绳将两个物体连接在一起。如图所示，将沿着斜面向上的力F作用在物体Y上。,"正确答案是A不变。
在θ不变的情况下对两个物块整体沿着斜面方向进行受力分析，再根据牛顿第二定律算出两个物块沿着斜面的共同加速度 F - (mX + mY)gsinθ = (mX + mY)a；
然后再用隔离法研究物块X的受力情况，根据牛顿第二定律列出方程 F - mXgsinθ = mX a；带入共同加速度 a 可以算出绳的张力 F = mX / (mX + mY) * a。"
